<?xml version="1.0" encoding="UTF-8"?>
<GenRun Id="synth_1" LaunchPart="xc7a35tcpg236-1" LaunchTime="1670921894">
  <File Type="PA-TCL" Name="XADCdemo.tcl"/>
  <File Type="RDS-PROPCONSTRS" Name="XADCdemo_drc_synth.rpt"/>
  <File Type="REPORTS-TCL" Name="XADCdemo_reports.tcl"/>
  <File Type="RDS-RDS" Name="XADCdemo.vds"/>
  <File Type="RDS-UTIL" Name="XADCdemo_utilization_synth.rpt"/>
  <File Type="RDS-UTIL-PB" Name="XADCdemo_utilization_synth.pb"/>
  <File Type="RDS-DCP" Name="XADCdemo.dcp"/>
  <File Type="VDS-TIMINGSUMMARY" Name="XADCdemo_timing_summary_synth.rpt"/>
  <File Type="VDS-TIMING-PB" Name="XADCdemo_timing_summary_synth.pb"/>
  <FileSet Name="sources" Type="DesignSrcs" RelSrcDir="$PSRCDIR/sources_1">
    <Filter Type="Srcs"/>
    <File Path="C:/Users/Fattani Computers/Documents/Basys3-Joystick-Interfacing-main/test.srcs/sources_1/ip/xadc_wiz_0/xadc_wiz_0.xci">
      <FileInfo>
        <Attr Name="UsedIn" Val="synthesis"/>
        <Attr Name="UsedIn" Val="implementation"/>
        <Attr Name="UsedIn" Val="simulation"/>
      </FileInfo>
    </File>
    <File Path="C:/Users/Fattani Computers/Documents/Basys3-Joystick-Interfacing-main/test.srcs/sources_1/imports/hdl/DigitToSeg.v">
      <FileInfo>
        <Attr Name="UsedIn" Val="synthesis"/>
        <Attr Name="UsedIn" Val="implementation"/>
        <Attr Name="UsedIn" Val="simulation"/>
      </FileInfo>
    </File>
    <File Path="C:/Users/Fattani Computers/Documents/Basys3-Joystick-Interfacing-main/test.srcs/sources_1/imports/hdl/counter3bit.v">
      <FileInfo>
        <Attr Name="UsedIn" Val="synthesis"/>
        <Attr Name="UsedIn" Val="implementation"/>
        <Attr Name="UsedIn" Val="simulation"/>
      </FileInfo>
    </File>
    <File Path="C:/Users/Fattani Computers/Documents/Basys3-Joystick-Interfacing-main/test.srcs/sources_1/imports/hdl/decoder3_8.v">
      <FileInfo>
        <Attr Name="UsedIn" Val="synthesis"/>
        <Attr Name="UsedIn" Val="implementation"/>
        <Attr Name="UsedIn" Val="simulation"/>
      </FileInfo>
    </File>
    <File Path="C:/Users/Fattani Computers/Documents/Basys3-Joystick-Interfacing-main/test.srcs/sources_1/imports/hdl/mux4_4bus.v">
      <FileInfo>
        <Attr Name="UsedIn" Val="synthesis"/>
        <Attr Name="UsedIn" Val="implementation"/>
        <Attr Name="UsedIn" Val="simulation"/>
      </FileInfo>
    </File>
    <File Path="C:/Users/Fattani Computers/Documents/Basys3-Joystick-Interfacing-main/test.srcs/sources_1/imports/hdl/segClkDevider.v">
      <FileInfo>
        <Attr Name="UsedIn" Val="synthesis"/>
        <Attr Name="UsedIn" Val="implementation"/>
        <Attr Name="UsedIn" Val="simulation"/>
      </FileInfo>
    </File>
    <File Path="C:/Users/Fattani Computers/Documents/Basys3-Joystick-Interfacing-main/test.srcs/sources_1/imports/hdl/sevensegdecoder.v">
      <FileInfo>
        <Attr Name="UsedIn" Val="synthesis"/>
        <Attr Name="UsedIn" Val="implementation"/>
        <Attr Name="UsedIn" Val="simulation"/>
      </FileInfo>
    </File>
    <File Path="C:/Users/Fattani Computers/Documents/Basys3-Joystick-Interfacing-main/test.srcs/sources_1/ip/xadc_wiz_0/xadc_wiz_0_stub.v">
      <FileInfo>
        <Attr Name="UsedIn" Val="synthesis"/>
        <Attr Name="UsedIn" Val="implementation"/>
        <Attr Name="UsedIn" Val="simulation"/>
      </FileInfo>
    </File>
    <File Path="C:/Users/Fattani Computers/Documents/Basys3-Joystick-Interfacing-main/test.srcs/sources_1/imports/hdl/XADCdemo.v">
      <FileInfo>
        <Attr Name="UsedIn" Val="synthesis"/>
        <Attr Name="UsedIn" Val="implementation"/>
        <Attr Name="UsedIn" Val="simulation"/>
      </FileInfo>
    </File>
    <File Path="C:/Users/Fattani Computers/Documents/Basys3-Joystick-Interfacing-main/test.srcs/sources_1/ip/xadc_wiz_0/xadc_wiz_0_funcsim.v">
      <FileInfo>
        <Attr Name="AutoDisabled" Val="1"/>
        <Attr Name="UsedIn" Val="synthesis"/>
        <Attr Name="UsedIn" Val="implementation"/>
        <Attr Name="UsedIn" Val="simulation"/>
      </FileInfo>
    </File>
    <File Path="C:/Users/Fattani Computers/Documents/Basys3-Joystick-Interfacing-main/test.srcs/sources_1/imports/hdl/UART_TX_CTRL.vhd">
      <FileInfo>
        <Attr Name="AutoDisabled" Val="1"/>
        <Attr Name="UsedIn" Val="synthesis"/>
        <Attr Name="UsedIn" Val="simulation"/>
      </FileInfo>
    </File>
    <File Path="C:/Users/Fattani Computers/Documents/Basys3-Joystick-Interfacing-main/test.srcs/sources_1/ip/xadc_wiz_0/xadc_wiz_0_stub.vhdl">
      <FileInfo>
        <Attr Name="AutoDisabled" Val="1"/>
        <Attr Name="UsedIn" Val="synthesis"/>
        <Attr Name="UsedIn" Val="simulation"/>
      </FileInfo>
    </File>
    <File Path="C:/Users/Fattani Computers/Documents/Basys3-Joystick-Interfacing-main/test.srcs/sources_1/ip/xadc_wiz_0/xadc_wiz_0.dcp">
      <FileInfo>
        <Attr Name="AutoDisabled" Val="1"/>
        <Attr Name="UsedIn" Val="synthesis"/>
        <Attr Name="UsedIn" Val="implementation"/>
      </FileInfo>
    </File>
    <File Path="C:/Users/Fattani Computers/Documents/Basys3-Joystick-Interfacing-main/test.srcs/sources_1/ip/xadc_wiz_0/xadc_wiz_0_funcsim.vhdl">
      <FileInfo>
        <Attr Name="AutoDisabled" Val="1"/>
        <Attr Name="UsedIn" Val="synthesis"/>
        <Attr Name="UsedIn" Val="simulation"/>
      </FileInfo>
    </File>
    <File Path="C:/Users/Fattani Computers/Documents/Basys3-Joystick-Interfacing-main/test.srcs/sources_1/ip/xadc_wiz_0/xadc_wiz_0.vhd">
      <FileInfo>
        <Attr Name="AutoDisabled" Val="1"/>
        <Attr Name="UsedIn" Val="synthesis"/>
        <Attr Name="UsedIn" Val="simulation"/>
      </FileInfo>
    </File>
    <Config>
      <Option Name="DesignMode" Val="RTL"/>
      <Option Name="TopModule" Val="XADCdemo"/>
      <Option Name="TopAutoSet" Val="TRUE"/>
    </Config>
  </FileSet>
  <FileSet Name="constrs_in" Type="Constrs" RelSrcDir="$PSRCDIR/constrs_1">
    <Filter Type="Constrs"/>
    <File Path="C:/Users/Fattani Computers/Documents/Basys3-Joystick-Interfacing-main/test.srcs/constrs_1/imports/constraints/Basys3_Master.xdc">
      <FileInfo>
        <Attr Name="UsedIn" Val="synthesis"/>
        <Attr Name="UsedIn" Val="implementation"/>
      </FileInfo>
    </File>
    <Config>
      <Option Name="TargetConstrsFile" Val="C:/Users/Fattani Computers/Documents/Basys3-Joystick-Interfacing-main/test.srcs/constrs_1/imports/constraints/Basys3_Master.xdc"/>
      <Option Name="ConstrsType" Val="XDC"/>
    </Config>
  </FileSet>
  <FileSet Name="utils" Type="Utils" RelSrcDir="$PSRCDIR/utils_1">
    <Filter Type="Utils"/>
    <Config>
      <Option Name="TopAutoSet" Val="TRUE"/>
    </Config>
  </FileSet>
  <Strategy Version="1" Minor="2">
    <StratHandle Name="Vivado Synthesis Defaults" Flow="Vivado Synthesis 2020">
      <Desc>Vivado Synthesis Defaults</Desc>
    </StratHandle>
    <Step Id="synth_design"/>
  </Strategy>
</GenRun>
